"first_name","last_name","type"
"Aaron","Selby","customer"
"Adam","Grant","actor"
"Adam","Hopper","actor"
"Adam","Gooch","customer"
"Adrian","Clary","customer"
"Agnes","Bishop","customer"
"Al","Garland","actor"
"Alan","Dreyfuss","actor"
"Alan","Kahn","customer"
"Albert","Nolte","actor"
"Albert","Crouse","customer"
"Albert","Johansson","actor"
"Alberto","Henning","customer"
"Alec","Wayne","actor"
"Alex","Gresham","customer"
"Alexander","Fennell","customer"
"Alfred","Casillas","customer"
"Alfredo","Mcadams","customer"
"Alice","Stewart","customer"
"Alicia","Mills","customer"
"Allan","Cornish","customer"
"Allen","Butterfield","customer"
"Allison","Stanley","customer"
"Alma","Austin","customer"
"Alvin","Deloach","customer"
"Amanda","Carter","customer"
"Amber","Dixon","customer"
"Amy","Lopez","customer"
"Ana","Bradley","customer"
"Andre","Rapp","customer"
"Andrea","Henderson","customer"
"Andrew","Purdy","customer"
"Andy","Vanhorn","customer"
"Angel","Barclay","customer"
"Angela","Witherspoon","actor"
"Angela","Hudson","actor"
"Angela","Hernandez","customer"
"Angelina","Astaire","actor"
"Anita","Morales","customer"
"Ann","Evans","customer"
"Anna","Hill","customer"
"Anne","Powell","customer"
"Anne","Cronyn","actor"
"Annette","Olson","customer"
"Annie","Russell","customer"
"Anthony","Schwab","customer"
"Antonio","Meek","customer"
"April","Burns","customer"
"Arlene","Harvey","customer"
"Armando","Gruber","customer"
"Arnold","Havens","customer"
"Arthur","Simpkins","customer"
"Ashley","Richardson","customer"
"Audrey","Olivier","actor"
"Audrey","Bailey","actor"
"Audrey","Ray","customer"
"Austin","Cintron","customer"
"Barbara","Jones","customer"
"Barry","Lovelace","customer"
"Beatrice","Arnold","customer"
"Becky","Miles","customer"
"Bela","Walken","actor"
"Ben","Easter","customer"
"Ben","Willis","actor"
"Ben","Harris","actor"
"Benjamin","Varney","customer"
"Bernard","Colby","customer"
"Bernice","Willis","customer"
"Bertha","Ferguson","customer"
"Bessie","Morrison","customer"
"Beth","Franklin","customer"
"Bette","Nicholson","actor"
"Betty","White","customer"
"Beverly","Brooks","customer"
"Bill","Gavin","customer"
"Billie","Horton","customer"
"Billy","Poulin","customer"
"Bob","Pfeiffer","customer"
"Bob","Fawcett","actor"
"Bobbie","Craig","customer"
"Bobby","Boudreau","customer"
"Bonnie","Hughes","customer"
"Brad","Mccurdy","customer"
"Bradley","Motley","customer"
"Brandon","Huey","customer"
"Brandy","Graves","customer"
"Brenda","Wright","customer"
"Brent","Harkins","customer"
"Brett","Cornwell","customer"
"Brian","Wyman","customer"
"Brittany","Riley","customer"
"Bruce","Schwarz","customer"
"Bryan","Hardison","customer"
"Burt","Posey","actor"
"Burt","Dukakis","actor"
"Burt","Temple","actor"
"Byron","Box","customer"
"Calvin","Martel","customer"
"Cameron","Wray","actor"
"Cameron","Streep","actor"
"Cameron","Zellweger","actor"
"Carl","Artis","customer"
"Carla","Gutierrez","customer"
"Carlos","Coughlin","customer"
"Carmen","Owens","customer"
"Carmen","Hunt","actor"
"Carol","Garcia","customer"
"Carole","Barnett","customer"
"Caroline","Bowman","customer"
"Carolyn","Perez","customer"
"Carrie","Porter","customer"
"Cary","Mcconaughey","actor"
"Casey","Mena","customer"
"Cassandra","Walters","customer"
"Cate","Mcqueen","actor"
"Cate","Harris","actor"
"Catherine","Campbell","customer"
"Cathy","Spencer","customer"
"Cecil","Vines","customer"
"Chad","Carbone","customer"
"Charlene","Alvarez","customer"
"Charles","Kowalski","customer"
"Charlie","Bess","customer"
"Charlize","Dench","actor"
"Charlotte","Hunter","customer"
"Cheryl","Murphy","customer"
"Chester","Benner","customer"
"Chris","Bridges","actor"
"Chris","Depp","actor"
"Chris","Brothers","customer"
"Christian","Jung","customer"
"Christian","Akroyd","actor"
"Christian","Neeson","actor"
"Christian","Gable","actor"
"Christina","Ramirez","customer"
"Christine","Roberts","customer"
"Christopher","Greco","customer"
"Christopher","Berry","actor"
"Christopher","West","actor"
"Christy","Vargas","customer"
"Cindy","Fisher","customer"
"Clara","Shaw","customer"
"Clarence","Gamez","customer"
"Claude","Herzog","customer"
"Claudia","Fuller","customer"
"Clayton","Barbee","customer"
"Clifford","Bowens","customer"
"Clifton","Malcolm","customer"
"Clinton","Buford","customer"
"Clyde","Tobias","customer"
"Cody","Nolen","customer"
"Colleen","Burton","customer"
"Connie","Wallace","customer"
"Constance","Reid","customer"
"Corey","Hauser","customer"
"Cory","Meehan","customer"
"Courtney","Day","customer"
"Craig","Morrell","customer"
"Crystal","Ford","customer"
"Cuba","Allen","actor"
"Cuba","Birch","actor"
"Cuba","Olivier","actor"
"Curtis","Irby","customer"
"Cynthia","Young","customer"
"Daisy","Bates","customer"
"Dale","Ratcliff","customer"
"Dan","Harris","actor"
"Dan","Streep","actor"
"Dan","Paine","customer"
"Dan","Torn","actor"
"Dana","Hart","customer"
"Daniel","Cabral","customer"
"Danielle","Daniels","customer"
"Danny","Isom","customer"
"Darlene","Rose","customer"
"Darrell","Power","customer"
"Darren","Windham","customer"
"Darryl","Ashcraft","customer"
"Daryl","Larue","customer"
"Daryl","Wahlberg","actor"
"Daryl","Crawford","actor"
"Dave","Gardiner","customer"
"David","Royal","customer"
"Dawn","Sullivan","customer"
"Dean","Sauer","customer"
"Deanna","Byrd","customer"
"Debbie","Reyes","customer"
"Debbie","Akroyd","actor"
"Deborah","Walker","customer"
"Debra","Nelson","customer"
"Delores","Hansen","customer"
"Denise","Kelly","customer"
"Dennis","Gilman","customer"
"Derek","Blakely","customer"
"Derrick","Bourque","customer"
"Diana","Alexander","customer"
"Diane","Collins","customer"
"Dianne","Shelton","customer"
"Dolores","Wagner","customer"
"Don","Bone","customer"
"Donald","Mahon","customer"
"Donna","Thompson","customer"
"Dora","Medina","customer"
"Doris","Reed","customer"
"Dorothy","Taylor","customer"
"Douglas","Graf","customer"
"Duane","Tubbs","customer"
"Dustin","Tautou","actor"
"Dustin","Gillette","customer"
"Dwayne","Olvera","customer"
"Dwight","Lombardi","customer"
"Earl","Shanks","customer"
"Ed","Guiness","actor"
"Ed","Mansfield","actor"
"Ed","Chase","actor"
"Eddie","Tomlin","customer"
"Edgar","Rhoads","customer"
"Edith","Mcdonald","customer"
"Edna","West","customer"
"Eduardo","Hiatt","customer"
"Edward","Baugh","customer"
"Edwin","Burk","customer"
"Eileen","Carr","customer"
"Elaine","Stevens","customer"
"Eleanor","Hunt","customer"
"Elizabeth","Brown","customer"
"Ella","Oliver","customer"
"Ellen","Simpson","customer"
"Ellen","Presley","actor"
"Elmer","Noe","customer"
"Elsie","Kelley","customer"
"Elvis","Marx","actor"
"Emily","Diaz","customer"
"Emily","Dee","actor"
"Emma","Boyd","customer"
"Enrique","Forsythe","customer"
"Eric","Robert","customer"
"Erica","Matthews","customer"
"Erik","Guillen","customer"
"Erika","Pena","customer"
"Erin","Dunn","customer"
"Ernest","Stepp","customer"
"Esther","Crawford","customer"
"Ethel","Webb","customer"
"Eugene","Culpepper","customer"
"Eva","Ramos","customer"
"Evelyn","Morgan","customer"
"Everett","Banda","customer"
"Ewan","Gooding","actor"
"Fay","Wood","actor"
"Fay","Winslet","actor"
"Fay","Kilmer","actor"
"Felicia","Sutton","customer"
"Felix","Gaffney","customer"
"Fernando","Churchill","customer"
"Florence","Woods","customer"
"Floyd","Gandy","customer"
"Frances","Tomei","actor"
"Frances","Day-Lewis","actor"
"Frances","Parker","customer"
"Francis","Sikes","customer"
"Francisco","Skidmore","customer"
"Frank","Waggoner","customer"
"Franklin","Troutman","customer"
"Fred","Costner","actor"
"Fred","Wheat","customer"
"Freddie","Duggan","customer"
"Frederick","Isbell","customer"
"Gabriel","Harder","customer"
"Gail","Knight","customer"
"Gary","Coy","customer"
"Gary","Penn","actor"
"Gary","Phoenix","actor"
"Gene","Sanborn","customer"
"Gene","Mckellen","actor"
"Gene","Hopkins","actor"
"Gene","Willis","actor"
"Geoffrey","Heston","actor"
"George","Linton","customer"
"Georgia","Jacobs","customer"
"Gerald","Fultz","customer"
"Geraldine","Perkins","customer"
"Gertrude","Castillo","customer"
"Gilbert","Sledge","customer"
"Gina","Degeneres","actor"
"Gina","Williamson","customer"
"Gladys","Hamilton","customer"
"Glen","Talbert","customer"
"Glenda","Frazier","customer"
"Glenn","Pullen","customer"
"Gloria","Cook","customer"
"Goldie","Brody","actor"
"Gordon","Allard","customer"
"Grace","Ellis","customer"
"Grace","Mostel","actor"
"Greg","Robins","customer"
"Greg","Chaplin","actor"
"Gregory","Gooding","actor"
"Gregory","Mauldin","customer"
"Greta","Malden","actor"
"Greta","Keitel","actor"
"Groucho","Sinatra","actor"
"Groucho","Williams","actor"
"Groucho","Dunst","actor"
"Guy","Brownlee","customer"
"Gwendolyn","May","customer"
"Harold","Martino","customer"
"Harrison","Bale","actor"
"Harry","Arce","customer"
"Harvey","Hope","actor"
"Harvey","Guajardo","customer"
"Hazel","Warren","customer"
"Heather","Morris","customer"
"Hector","Poindexter","customer"
"Heidi","Larson","customer"
"Helen","Harris","customer"
"Helen","Voight","actor"
"Henry","Billingsley","customer"
"Henry","Berry","actor"
"Herbert","Kruger","customer"
"Herman","Devore","customer"
"Hilda","Hopkins","customer"
"Holly","Fox","customer"
"Howard","Fortner","customer"
"Hugh","Waldrop","customer"
"Humphrey","Willis","actor"
"Humphrey","Garland","actor"
"Ian","Still","customer"
"Ian","Tandy","actor"
"Ida","Andrews","customer"
"Irene","Price","customer"
"Irma","Pearson","customer"
"Isaac","Oglesby","customer"
"Ivan","Cromwell","customer"
"Jack","Foust","customer"
"Jackie","Lynch","customer"
"Jacob","Lance","customer"
"Jacqueline","Long","customer"
"Jada","Ryder","actor"
"Jaime","Nettles","customer"
"James","Gannon","customer"
"James","Pitt","actor"
"Jamie","Rice","customer"
"Jamie","Waugh","customer"
"Jane","Bennett","customer"
"Jane","Jackman","actor"
"Janet","Phillips","customer"
"Janice","Ward","customer"
"Jared","Ely","customer"
"Jason","Morrissey","customer"
"Javier","Elrod","customer"
"Jay","Robb","customer"
"Jayne","Neeson","actor"
"Jayne","Silverstone","actor"
"Jayne","Nolte","actor"
"Jean","Bell","customer"
"Jeanette","Greene","customer"
"Jeanne","Lawson","customer"
"Jeff","East","customer"
"Jeff","Silverstone","actor"
"Jeffery","Pinson","customer"
"Jeffrey","Spear","customer"
"Jennie","Terry","customer"
"Jennifer","Davis","actor"
"Jennifer","Davis","customer"
"Jenny","Castro","customer"
"Jeremy","Hurtado","customer"
"Jerome","Kenyon","customer"
"Jerry","Jordon","customer"
"Jesse","Schilling","customer"
"Jessica","Bailey","actor"
"Jessica","Hall","customer"
"Jessie","Banks","customer"
"Jessie","Milam","customer"
"Jesus","Mccartney","customer"
"Jill","Hawkins","customer"
"Jim","Rea","customer"
"Jim","Mostel","actor"
"Jimmie","Eggleston","customer"
"Jimmy","Schrader","customer"
"Jo","Fowler","customer"
"Joan","Cooper","customer"
"Joann","Gardner","customer"
"Joanne","Robertson","customer"
"Jodie","Degeneres","actor"
"Joe","Gilliland","customer"
"Joe","Swank","actor"
"Joel","Francisco","customer"
"John","Suvari","actor"
"John","Farnsworth","customer"
"Johnnie","Chisholm","customer"
"Johnny","Lollobrigida","actor"
"Johnny","Turpin","customer"
"Johnny","Cage","actor"
"Jon","Chase","actor"
"Jon","Wiles","customer"
"Jonathan","Scarborough","customer"
"Jordan","Archuleta","customer"
"Jorge","Olivares","customer"
"Jose","Andrew","customer"
"Joseph","Joy","customer"
"Josephine","Gomez","customer"
"Joshua","Mark","customer"
"Joy","George","customer"
"Joyce","Edwards","customer"
"Juan","Fraley","customer"
"Juanita","Mason","customer"
"Jude","Cruise","actor"
"Judith","Cox","customer"
"Judy","Gray","customer"
"Judy","Dean","actor"
"Julia","Flores","customer"
"Julia","Barrymore","actor"
"Julia","Fawcett","actor"
"Julia","Mcqueen","actor"
"Julia","Zellweger","actor"
"Julian","Vest","customer"
"Julianne","Dench","actor"
"Julie","Sanchez","customer"
"Julio","Noland","customer"
"June","Carroll","customer"
"Justin","Ngo","customer"
"Karen","Jackson","customer"
"Karl","Seal","customer"
"Karl","Berry","actor"
"Katherine","Rivera","customer"
"Kathleen","Adams","customer"
"Kathryn","Coleman","customer"
"Kathy","James","customer"
"Katie","Elliott","customer"
"Kay","Caldwell","customer"
"Keith","Rico","customer"
"Kelly","Torres","customer"
"Kelly","Knott","customer"
"Ken","Prewitt","customer"
"Kenneth","Pesci","actor"
"Kenneth","Paltrow","actor"
"Kenneth","Hoffman","actor"
"Kenneth","Torn","actor"
"Kenneth","Gooden","customer"
"Kent","Arsenault","customer"
"Kevin","Schuler","customer"
"Kevin","Bloom","actor"
"Kevin","Garland","actor"
"Kim","Cruz","customer"
"Kim","Allen","actor"
"Kimberly","Lee","customer"
"Kirk","Stclair","customer"
"Kirk","Jovovich","actor"
"Kirsten","Paltrow","actor"
"Kirsten","Akroyd","actor"
"Kristen","Chavez","customer"
"Kristin","Johnston","customer"
"Kristina","Chambers","customer"
"Kurt","Emmons","customer"
"Kyle","Spurlock","customer"
"Lance","Pemberton","customer"
"Larry","Thrasher","customer"
"Laura","Rodriguez","customer"
"Laura","Brody","actor"
"Lauren","Hudson","customer"
"Laurence","Bullock","actor"
"Laurie","Lawrence","customer"
"Lawrence","Lawton","customer"
"Leah","Curtis","customer"
"Lee","Hawks","customer"
"Lena","Jensen","customer"
"Leo","Ebert","customer"
"Leon","Bostic","customer"
"Leona","Obrien","customer"
"Leonard","Schofield","customer"
"Leroy","Bustamante","customer"
"Leslie","Gordon","customer"
"Leslie","Seward","customer"
"Lester","Kraus","customer"
"Lewis","Lyman","customer"
"Lillian","Griffin","customer"
"Lillie","Kim","customer"
"Linda","Williams","customer"
"Lisa","Anderson","customer"
"Lisa","Monroe","actor"
"Liza","Bergman","actor"
"Lloyd","Dowd","customer"
"Lois","Butler","customer"
"Lonnie","Tirado","customer"
"Loretta","Carpenter","customer"
"Lori","Wood","customer"
"Lorraine","Stephens","customer"
"Louis","Leone","customer"
"Louise","Jenkins","customer"
"Lucille","Dee","actor"
"Lucille","Tracy","actor"
"Lucille","Holmes","customer"
"Lucy","Wheeler","customer"
"Luis","Yanez","customer"
"Lydia","Burke","customer"
"Lynn","Payne","customer"
"Mabel","Holland","customer"
"Mae","Hoffman","actor"
"Mae","Fletcher","customer"
"Manuel","Murrell","customer"
"Marc","Outlaw","customer"
"Marcia","Dean","customer"
"Marcus","Hidalgo","customer"
"Margaret","Moore","customer"
"Margie","Wade","customer"
"Maria","Miller","customer"
"Marian","Mendoza","customer"
"Marie","Turner","customer"
"Marilyn","Ross","customer"
"Mario","Cheatham","customer"
"Marion","Ocampo","customer"
"Marion","Snyder","customer"
"Marjorie","Tucker","customer"
"Mark","Rinehart","customer"
"Marlene","Welch","customer"
"Marsha","Douglas","customer"
"Marshall","Thorn","customer"
"Martha","Gonzalez","customer"
"Martin","Bales","customer"
"Marvin","Yee","customer"
"Mary","Keitel","actor"
"Mary","Tandy","actor"
"Mary","Smith","customer"
"Mathew","Bolin","customer"
"Matthew","Johansson","actor"
"Matthew","Leigh","actor"
"Matthew","Mahan","customer"
"Matthew","Carrey","actor"
"Mattie","Hoffman","customer"
"Maureen","Little","customer"
"Maurice","Crawley","customer"
"Max","Pitt","customer"
"Maxine","Silva","customer"
"Meg","Hawke","actor"
"Megan","Palmer","customer"
"Melanie","Armstrong","customer"
"Melinda","Fernandez","customer"
"Melissa","King","customer"
"Melvin","Ellington","customer"
"Mena","Temple","actor"
"Mena","Hopper","actor"
"Meryl","Allen","actor"
"Meryl","Gibson","actor"
"Michael","Silverman","customer"
"Michael","Bening","actor"
"Michael","Bolger","actor"
"Micheal","Forman","customer"
"Michele","Grant","customer"
"Michelle","Clark","customer"
"Michelle","Mcconaughey","actor"
"Miguel","Betancourt","customer"
"Mike","Way","customer"
"Mildred","Bailey","customer"
"Milla","Peck","actor"
"Milla","Keitel","actor"
"Milton","Howland","customer"
"Minnie","Kilmer","actor"
"Minnie","Zellweger","actor"
"Minnie","Romero","customer"
"Miriam","Mckinney","customer"
"Misty","Lambert","customer"
"Mitchell","Westmoreland","customer"
"Monica","Hicks","customer"
"Morgan","Williams","actor"
"Morgan","Hopkins","actor"
"Morgan","Mcdormand","actor"
"Morris","Mccarter","customer"
"Myrtle","Fleming","customer"
"Nancy","Thomas","customer"
"Naomi","Jennings","customer"
"Natalie","Hopkins","actor"
"Natalie","Meyer","customer"
"Nathan","Runyon","customer"
"Nathaniel","Adam","customer"
"Neil","Renner","customer"
"Nellie","Garrett","customer"
"Nelson","Christenson","customer"
"Nicholas","Barfield","customer"
"Nick","Wahlberg","actor"
"Nick","Stallone","actor"
"Nick","Degeneres","actor"
"Nicole","Peterson","customer"
"Nina","Soto","customer"
"Nora","Herrera","customer"
"Norma","Gonzales","customer"
"Norman","Currier","customer"
"Olga","Jimenez","customer"
"Olympia","Pfeiffer","actor"
"Oprah","Kilmer","actor"
"Oscar","Aquino","customer"
"Pamela","Baker","customer"
"Parker","Goldberg","actor"
"Patricia","Johnson","customer"
"Patrick","Newsom","customer"
"Patsy","Davidson","customer"
"Paul","Trout","customer"
"Paula","Bryant","customer"
"Pauline","Henry","customer"
"Pearl","Garza","customer"
"Pedro","Chestnut","customer"
"Peggy","Myers","customer"
"Penelope","Pinkett","actor"
"Penelope","Monroe","actor"
"Penelope","Guiness","actor"
"Penelope","Cronyn","actor"
"Penny","Neal","customer"
"Perry","Swafford","customer"
"Peter","Menard","customer"
"Philip","Causey","customer"
"Phillip","Holm","customer"
"Phyllis","Foster","customer"
"Priscilla","Lowe","customer"
"Rachel","Barnes","customer"
"Rafael","Abney","customer"
"Ralph","Cruz","actor"
"Ralph","Madrigal","customer"
"Ramon","Choate","customer"
"Ramona","Hale","customer"
"Randall","Neumann","customer"
"Randy","Gaither","customer"
"Raul","Fortier","customer"
"Ray","Houle","customer"
"Ray","Johansson","actor"
"Raymond","Mcwhorter","customer"
"Rebecca","Scott","customer"
"Reese","West","actor"
"Reese","Kilmer","actor"
"Regina","Berry","customer"
"Reginald","Kinder","customer"
"Rene","Mcalister","customer"
"Renee","Lane","customer"
"Renee","Ball","actor"
"Renee","Tracy","actor"
"Rhonda","Kennedy","customer"
"Ricardo","Meador","customer"
"Richard","Mccrary","customer"
"Richard","Penn","actor"
"Rick","Mattox","customer"
"Ricky","Shelby","customer"
"Rip","Winslet","actor"
"Rip","Crawford","actor"
"Rita","Graham","customer"
"Rita","Reynolds","actor"
"River","Dean","actor"
"Robert","Baughman","customer"
"Roberta","Harper","customer"
"Roberto","Vu","customer"
"Robin","Hayes","customer"
"Rock","Dukakis","actor"
"Rodney","Moeller","customer"
"Roger","Quintanilla","customer"
"Roland","South","customer"
"Ron","Deluca","customer"
"Ronald","Weiner","customer"
"Ronnie","Ricketts","customer"
"Rosa","Reynolds","customer"
"Rose","Howard","customer"
"Rosemary","Schmidt","customer"
"Ross","Grey","customer"
"Roy","Whiting","customer"
"Ruben","Geary","customer"
"Ruby","Washington","customer"
"Russell","Temple","actor"
"Russell","Close","actor"
"Russell","Brinson","customer"
"Russell","Bacall","actor"
"Ruth","Martinez","customer"
"Ryan","Salisbury","customer"
"Sally","Pierce","customer"
"Salma","Nolte","actor"
"Salvador","Teel","customer"
"Sam","Mcduffie","customer"
"Samantha","Duncan","customer"
"Samuel","Marlow","customer"
"Sandra","Martin","customer"
"Sandra","Kilmer","actor"
"Sandra","Peck","actor"
"Sara","Perry","customer"
"Sarah","Lewis","customer"
"Scarlett","Damon","actor"
"Scarlett","Bening","actor"
"Scott","Shelley","customer"
"Sean","Williams","actor"
"Sean","Guiness","actor"
"Sean","Douglass","customer"
"Sergio","Stanfield","customer"
"Seth","Hannon","customer"
"Shane","Millard","customer"
"Shannon","Freeman","customer"
"Sharon","Robinson","customer"
"Shawn","Heaton","customer"
"Sheila","Wells","customer"
"Shelly","Watts","customer"
"Sherri","Rhodes","customer"
"Sherry","Marshall","customer"
"Shirley","Allen","customer"
"Sidney","Burleson","customer"
"Sidney","Crowe","actor"
"Sissy","Sobieski","actor"
"Sonia","Gregory","customer"
"Spencer","Depp","actor"
"Spencer","Peck","actor"
"Stacey","Montgomery","customer"
"Stacy","Cunningham","customer"
"Stanley","Scroggins","customer"
"Stella","Moreno","customer"
"Stephanie","Mitchell","customer"
"Stephen","Qualls","customer"
"Steve","Mackenzie","customer"
"Steven","Curley","customer"
"Sue","Peters","customer"
"Susan","Wilson","customer"
"Susan","Davis","actor"
"Suzanne","Nichols","customer"
"Sylvester","Dern","actor"
"Sylvia","Ortiz","customer"
"Tamara","Nguyen","customer"
"Tammy","Sanders","customer"
"Tanya","Gilbert","customer"
"Tara","Ryan","customer"
"Ted","Breaux","customer"
"Teresa","Rogers","customer"
"Terrance","Roush","customer"
"Terrence","Gunderson","customer"
"Terri","Vasquez","customer"
"Terry","Carlson","customer"
"Terry","Grissom","customer"
"Thelma","Murray","customer"
"Theodore","Culp","customer"
"Theresa","Watson","customer"
"Thomas","Grigsby","customer"
"Thora","Temple","actor"
"Tiffany","Jordan","customer"
"Tim","Cary","customer"
"Tim","Hackman","actor"
"Timothy","Bunn","customer"
"Tina","Simmons","customer"
"Todd","Tan","customer"
"Tom","Miranda","actor"
"Tom","Mckellen","actor"
"Tom","Milner","customer"
"Tommy","Collazo","customer"
"Toni","Holt","customer"
"Tony","Carranza","customer"
"Tonya","Chapman","customer"
"Tracey","Barrett","customer"
"Tracy","Cole","customer"
"Tracy","Herrmann","customer"
"Travis","Estep","customer"
"Troy","Quigley","customer"
"Tyler","Wren","customer"
"Tyrone","Asher","customer"
"Uma","Wood","actor"
"Val","Bolger","actor"
"Valerie","Black","customer"
"Vanessa","Sims","customer"
"Velma","Lucas","customer"
"Vera","Mccoy","customer"
"Vernon","Chapa","customer"
"Veronica","Stone","customer"
"Vicki","Fields","customer"
"Vickie","Brewer","customer"
"Victor","Barkley","customer"
"Victoria","Gibson","customer"
"Vincent","Ralston","customer"
"Viola","Hanson","customer"
"Violet","Rodriquez","customer"
"Virgil","Wofford","customer"
"Virginia","Green","customer"
"Vivian","Ruiz","customer"
"Vivien","Basinger","actor"
"Vivien","Bergen","actor"
"Wade","Delvalle","customer"
"Wallace","Slone","customer"
"Walter","Torn","actor"
"Walter","Perryman","customer"
"Wanda","Patterson","customer"
"Warren","Sherrod","customer"
"Warren","Jackman","actor"
"Warren","Nolte","actor"
"Wayne","Truong","customer"
"Wendy","Harrison","customer"
"Wesley","Bull","customer"
"Whoopi","Hurt","actor"
"Will","Wilson","actor"
"Willard","Lumpkin","customer"
"William","Hackman","actor"
"William","Satterfield","customer"
"Willie","Markham","customer"
"Willie","Howell","customer"
"Wilma","Richards","customer"
"Woody","Jolie","actor"
"Woody","Hoffman","actor"
"Yolanda","Weaver","customer"
"Yvonne","Watkins","customer"
"Zachary","Hite","customer"
"Zero","Cage","actor"
